{
    "datas": [
    {
      "id":1000,
      "idOperation": "1000",
      "condition": "Aceptado",
      "items": "111",
      "date": "2015-09-10",
      "total":"111",
      "status": "unqualified"
      
    },
    {
      "id":1001,
      "idOperation": "1001",
      "condition": "Aceptado",
      "items": "111",
      "date": "2015-09-11",
      "total":"111",
      "status": "proposal"
      },
      {
      "id":1002,
      "idOperation": "1002",
      "condition": "Aceptado",
      "items": "111",
      "date": "2015-09-12",
      "total":"111",
      "status": "qualified"
      },
      {
      "id":1003,
      "idOperation": "1003",
      "condition": "Aceptado",
      "items": "111",
      "date": "2015-09-13",
      "total":"111",
      "status": "new"
      },
      {
      "id":1004,
      "idOperation": "1004",
      "condition": "Aceptado",
      "items": "111",
      "date": "2015-09-14",
      "total":"111",
      "status": "proposal"
      }
  ]
}